Name,Modified,Path
global_computation_results.pkl,2023-07-12 12:39:37,/media/MAX/cloud/turbo/Data/KDIBA/pin01/one/fet11-03_20-28-3/output/global_computation_results.pkl
global_computation_results.pkl,2023-07-12 12:31:47,/media/MAX/cloud/turbo/Data/KDIBA/pin01/one/fet11-01_12-58-54/output/global_computation_results.pkl
global_computation_results.pkl,2023-07-12 12:27:12,/media/MAX/cloud/turbo/Data/KDIBA/pin01/one/11-09_22-4-5/output/global_computation_results.pkl
global_computation_results.pkl,2023-07-12 12:25:16,/media/MAX/cloud/turbo/Data/KDIBA/pin01/one/11-09_21-17-16/output/global_computation_results.pkl
global_computation_results.pkl,2023-07-12 12:22:59,/media/MAX/cloud/turbo/Data/KDIBA/pin01/one/11-09_12-15-3/output/global_computation_results.pkl
global_computation_results.pkl,2023-07-12 12:20:51,/media/MAX/cloud/turbo/Data/KDIBA/pin01/one/11-09_11-43-50/output/global_computation_results.pkl
global_computation_results.pkl,2023-07-12 12:15:22,/media/MAX/cloud/turbo/Data/KDIBA/pin01/one/11-03_12-3-25/output/global_computation_results.pkl
global_computation_results.pkl,2023-07-12 12:12:15,/media/MAX/cloud/turbo/Data/KDIBA/pin01/one/11-02_19-28-0/output/global_computation_results.pkl
global_computation_results.pkl,2023-07-12 12:06:43,/media/MAX/cloud/turbo/Data/KDIBA/pin01/one/11-02_17-46-44/output/global_computation_results.pkl
global_computation_results.pkl,2023-07-12 12:01:53,/media/MAX/cloud/turbo/Data/KDIBA/vvp01/two/2006-4-28_12-38-13/output/global_computation_results.pkl
global_computation_results.pkl,2023-07-12 11:56:52,/media/MAX/cloud/turbo/Data/KDIBA/vvp01/two/2006-4-25_13-20-55/output/global_computation_results.pkl
global_computation_results.pkl,2023-07-12 11:53:29,/media/MAX/cloud/turbo/Data/KDIBA/vvp01/two/2006-4-21_11-19-2/output/global_computation_results.pkl
global_computation_results.pkl,2023-07-12 11:49:08,/media/MAX/cloud/turbo/Data/KDIBA/vvp01/two/2006-4-19_13-50-7/output/global_computation_results.pkl
global_computation_results.pkl,2023-07-12 11:46:20,/media/MAX/cloud/turbo/Data/KDIBA/vvp01/two/2006-4-17_12-52-15/output/global_computation_results.pkl
global_computation_results.pkl,2023-07-12 11:42:56,/media/MAX/cloud/turbo/Data/KDIBA/vvp01/two/2006-4-16_18-47-52/output/global_computation_results.pkl
global_computation_results.pkl,2023-07-12 11:39:55,/media/MAX/cloud/turbo/Data/KDIBA/vvp01/two/2006-4-16_14-49-24/output/global_computation_results.pkl
global_computation_results.pkl,2023-07-12 11:35:38,/media/MAX/cloud/turbo/Data/KDIBA/vvp01/two/2006-4-12_15-25-59/output/global_computation_results.pkl
global_computation_results.pkl,2023-07-12 11:27:52,/media/MAX/cloud/turbo/Data/KDIBA/vvp01/two/2006-4-10_12-58-3/output/global_computation_results.pkl
global_computation_results.pkl,2023-07-12 11:25:13,/media/MAX/cloud/turbo/Data/KDIBA/vvp01/two/2006-4-09_16-40-54/output/global_computation_results.pkl
global_computation_results.pkl,2023-07-12 11:16:36,/media/MAX/cloud/turbo/Data/KDIBA/vvp01/one/2006-4-18_15-23-32/output/global_computation_results.pkl
global_computation_results.pkl,2023-07-12 11:03:46,/media/MAX/cloud/turbo/Data/KDIBA/vvp01/one/2006-4-10_12-25-50/output/global_computation_results.pkl
global_computation_results.pkl,2023-07-12 10:47:03,/media/MAX/cloud/turbo/Data/KDIBA/gor01/two/2006-6-13_15-22-3/output/global_computation_results.pkl
global_computation_results.pkl,2023-07-12 10:42:57,/media/MAX/cloud/turbo/Data/KDIBA/gor01/two/2006-6-12_16-53-46/output/global_computation_results.pkl
global_computation_results.pkl,2023-07-12 10:28:02,/media/MAX/cloud/turbo/Data/KDIBA/gor01/two/2006-6-09_22-24-40/output/global_computation_results.pkl
global_computation_results.pkl,2023-07-12 10:15:21,/media/MAX/cloud/turbo/Data/KDIBA/gor01/two/2006-6-08_21-16-25/output/global_computation_results.pkl
global_computation_results.pkl,2023-07-12 09:55:30,/media/MAX/cloud/turbo/Data/KDIBA/gor01/two/2006-6-07_16-40-19/output/global_computation_results.pkl
global_computation_results.pkl,2023-07-12 09:42:47,/media/MAX/cloud/turbo/Data/KDIBA/gor01/one/2006-6-12_15-55-31/output/global_computation_results.pkl
global_computation_results.pkl,2023-07-12 09:14:31,/media/MAX/cloud/turbo/Data/KDIBA/gor01/one/2006-6-08_14-26-15/output/global_computation_results.pkl
global_computation_results.pkl,2023-07-12 09:00:43,/media/MAX/cloud/turbo/Data/KDIBA/gor01/one/2006-6-07_11-26-53/output/global_computation_results.pkl
loadedSessPickle.pkl,2023-07-11 17:21:02,/media/MAX/cloud/turbo/Data/KDIBA/gor01/one/2006-6-09_1-22-43/loadedSessPickle.pkl
loadedSessPickle.pkl,2023-07-11 10:59:50,/media/MAX/cloud/turbo/Data/KDIBA/vvp01/one/2006-4-19_13-34-40/loadedSessPickle.pkl
loadedSessPickle.pkl,2023-07-11 10:58:00,/media/MAX/cloud/turbo/Data/KDIBA/vvp01/one/2006-4-18_13-6-1/loadedSessPickle.pkl
loadedSessPickle.pkl,2023-07-11 10:56:23,/media/MAX/cloud/turbo/Data/KDIBA/vvp01/one/2006-4-17_12-33-47/loadedSessPickle.pkl
loadedSessPickle.pkl,2023-07-11 10:53:18,/media/MAX/cloud/turbo/Data/KDIBA/vvp01/one/2006-4-09_17-29-30/loadedSessPickle.pkl
loadedSessPickle.pkl,2023-07-08 01:45:09,/media/MAX/cloud/turbo/Data/KDIBA/pin01/one/fet11-04_21-20-3/loadedSessPickle.pkl
loadedSessPickle.pkl,2023-07-08 01:42:09,/media/MAX/cloud/turbo/Data/KDIBA/pin01/one/fet11-03_20-28-3/loadedSessPickle.pkl
loadedSessPickle.pkl,2023-07-08 01:32:02,/media/MAX/cloud/turbo/Data/KDIBA/pin01/one/fet11-01_12-58-54/loadedSessPickle.pkl
loadedSessPickle.pkl,2023-07-08 01:27:40,/media/MAX/cloud/turbo/Data/KDIBA/pin01/one/11-09_22-4-5/loadedSessPickle.pkl
loadedSessPickle.pkl,2023-07-08 01:25:31,/media/MAX/cloud/turbo/Data/KDIBA/pin01/one/11-09_21-17-16/loadedSessPickle.pkl
loadedSessPickle.pkl,2023-07-08 01:22:40,/media/MAX/cloud/turbo/Data/KDIBA/pin01/one/11-09_12-15-3/loadedSessPickle.pkl
loadedSessPickle.pkl,2023-07-08 01:20:20,/media/MAX/cloud/turbo/Data/KDIBA/pin01/one/11-09_11-43-50/loadedSessPickle.pkl
loadedSessPickle.pkl,2023-07-08 01:18:45,/media/MAX/cloud/turbo/Data/KDIBA/pin01/one/11-05_19-26-43/loadedSessPickle.pkl
loadedSessPickle.pkl,2023-07-08 01:16:30,/media/MAX/cloud/turbo/Data/KDIBA/pin01/one/11-03_21-26-8/loadedSessPickle.pkl
loadedSessPickle.pkl,2023-07-08 01:13:14,/media/MAX/cloud/turbo/Data/KDIBA/pin01/one/11-03_12-3-25/loadedSessPickle.pkl
loadedSessPickle.pkl,2023-07-08 01:09:41,/media/MAX/cloud/turbo/Data/KDIBA/pin01/one/11-02_19-28-0/loadedSessPickle.pkl
loadedSessPickle.pkl,2023-07-08 01:03:30,/media/MAX/cloud/turbo/Data/KDIBA/pin01/one/11-02_17-46-44/loadedSessPickle.pkl
loadedSessPickle.pkl,2023-07-08 00:57:27,/media/MAX/cloud/turbo/Data/KDIBA/vvp01/two/2006-4-28_12-38-13/loadedSessPickle.pkl
loadedSessPickle.pkl,2023-07-08 00:54:44,/media/MAX/cloud/turbo/Data/KDIBA/vvp01/two/2006-4-26_13-51-50/loadedSessPickle.pkl
loadedSessPickle.pkl,2023-07-08 00:49:55,/media/MAX/cloud/turbo/Data/KDIBA/vvp01/two/2006-4-25_13-20-55/loadedSessPickle.pkl
loadedSessPickle.pkl,2023-07-08 00:45:27,/media/MAX/cloud/turbo/Data/KDIBA/vvp01/two/2006-4-21_11-19-2/loadedSessPickle.pkl
loadedSessPickle.pkl,2023-07-08 00:42:52,/media/MAX/cloud/turbo/Data/KDIBA/vvp01/two/2006-4-19_16-37-40/loadedSessPickle.pkl
loadedSessPickle.pkl,2023-07-08 00:39:31,/media/MAX/cloud/turbo/Data/KDIBA/vvp01/two/2006-4-19_13-50-7/loadedSessPickle.pkl
loadedSessPickle.pkl,2023-07-08 00:35:08,/media/MAX/cloud/turbo/Data/KDIBA/vvp01/two/2006-4-17_12-52-15/loadedSessPickle.pkl
loadedSessPickle.pkl,2023-07-08 00:30:43,/media/MAX/cloud/turbo/Data/KDIBA/vvp01/two/2006-4-16_18-47-52/loadedSessPickle.pkl
loadedSessPickle.pkl,2023-07-08 00:25:55,/media/MAX/cloud/turbo/Data/KDIBA/vvp01/two/2006-4-16_14-49-24/loadedSessPickle.pkl
loadedSessPickle.pkl,2023-07-08 00:20:24,/media/MAX/cloud/turbo/Data/KDIBA/vvp01/two/2006-4-12_15-25-59/loadedSessPickle.pkl
loadedSessPickle.pkl,2023-07-08 00:17:03,/media/MAX/cloud/turbo/Data/KDIBA/vvp01/two/2006-4-11_16-2-46/loadedSessPickle.pkl
loadedSessPickle.pkl,2023-07-08 00:13:43,/media/MAX/cloud/turbo/Data/KDIBA/vvp01/two/2006-4-11_12-48-38/loadedSessPickle.pkl
loadedSessPickle.pkl,2023-07-08 00:08:36,/media/MAX/cloud/turbo/Data/KDIBA/vvp01/two/2006-4-10_12-58-3/loadedSessPickle.pkl
loadedSessPickle.pkl,2023-07-08 00:04:54,/media/MAX/cloud/turbo/Data/KDIBA/vvp01/two/2006-4-09_16-40-54/loadedSessPickle.pkl
loadedSessPickle.pkl,2023-07-08 00:01:45,/media/MAX/cloud/turbo/Data/KDIBA/vvp01/one/2006-4-27_14-43-12/loadedSessPickle.pkl
loadedSessPickle.pkl,2023-07-07 23:59:11,/media/MAX/cloud/turbo/Data/KDIBA/vvp01/one/2006-4-18_15-23-32/loadedSessPickle.pkl
loadedSessPickle.pkl,2023-07-07 23:53:04,/media/MAX/cloud/turbo/Data/KDIBA/vvp01/one/2006-4-10_12-25-50/loadedSessPickle.pkl
loadedSessPickle.pkl,2023-07-07 23:46:14,/media/MAX/cloud/turbo/Data/KDIBA/gor01/two/2006-6-13_15-22-3/loadedSessPickle.pkl
loadedSessPickle.pkl,2023-07-07 23:41:15,/media/MAX/cloud/turbo/Data/KDIBA/gor01/two/2006-6-12_16-53-46/loadedSessPickle.pkl
loadedSessPickle.pkl,2023-07-07 23:20:20,/media/MAX/cloud/turbo/Data/KDIBA/gor01/two/2006-6-09_22-24-40/loadedSessPickle.pkl
loadedSessPickle.pkl,2023-07-07 23:07:57,/media/MAX/cloud/turbo/Data/KDIBA/gor01/two/2006-6-08_21-16-25/loadedSessPickle.pkl
loadedSessPickle.pkl,2023-07-07 22:44:39,/media/MAX/cloud/turbo/Data/KDIBA/gor01/two/2006-6-07_16-40-19/loadedSessPickle.pkl
loadedSessPickle.pkl,2023-07-07 22:37:55,/media/MAX/cloud/turbo/Data/KDIBA/gor01/one/2006-6-13_14-42-6/loadedSessPickle.pkl
loadedSessPickle.pkl,2023-07-07 22:31:38,/media/MAX/cloud/turbo/Data/KDIBA/gor01/one/2006-6-12_15-55-31/loadedSessPickle.pkl
loadedSessPickle.pkl,2023-07-07 22:07:48,/media/MAX/cloud/turbo/Data/KDIBA/gor01/one/2006-6-08_14-26-15/loadedSessPickle.pkl
loadedSessPickle.pkl,2023-07-07 21:52:05,/media/MAX/cloud/turbo/Data/KDIBA/gor01/one/2006-6-07_11-26-53/loadedSessPickle.pkl
global_computation_results.pkl,2023-06-01 01:40:18,/media/MAX/cloud/turbo/Data/KDIBA/vvp01/one/2006-4-19_13-34-40/output/global_computation_results.pkl
global_computation_results.pkl,2023-06-01 01:11:21,/media/MAX/cloud/turbo/Data/KDIBA/vvp01/one/2006-4-09_17-29-30/output/global_computation_results.pkl
global_computation_results.pkl,2023-05-31 21:48:26,/media/MAX/cloud/turbo/Data/KDIBA/gor01/one/2006-6-09_1-22-43/output/global_computation_results.pkl
global_computation_results.pkl,2023-05-24 06:08:38,/media/MAX/cloud/turbo/Data/KDIBA/pin01/one/fet11-04_21-20-3/output/global_computation_results.pkl
global_computation_results.pkl,2023-05-24 05:11:27,/media/MAX/cloud/turbo/Data/KDIBA/pin01/one/11-05_19-26-43/output/global_computation_results.pkl
global_computation_results.pkl,2023-05-24 05:00:17,/media/MAX/cloud/turbo/Data/KDIBA/pin01/one/11-03_21-26-8/output/global_computation_results.pkl
global_computation_results.pkl,2023-05-24 04:03:01,/media/MAX/cloud/turbo/Data/KDIBA/vvp01/two/2006-4-26_13-51-50/output/global_computation_results.pkl
global_computation_results.pkl,2023-05-24 03:36:30,/media/MAX/cloud/turbo/Data/KDIBA/vvp01/two/2006-4-19_16-37-40/output/global_computation_results.pkl
global_computation_results.pkl,2023-05-24 02:36:10,/media/MAX/cloud/turbo/Data/KDIBA/vvp01/two/2006-4-11_16-2-46/output/global_computation_results.pkl
global_computation_results.pkl,2023-05-24 02:22:49,/media/MAX/cloud/turbo/Data/KDIBA/vvp01/two/2006-4-11_12-48-38/output/global_computation_results.pkl
global_computation_results.pkl,2023-05-24 01:00:51,/media/MAX/cloud/turbo/Data/KDIBA/vvp01/one/2006-4-18_13-6-1/output/global_computation_results.pkl
global_computation_results.pkl,2023-05-24 00:51:59,/media/MAX/cloud/turbo/Data/KDIBA/vvp01/one/2006-4-17_12-33-47/output/global_computation_results.pkl
loadedSessPickle.pkl,2023-05-20 00:59:00,/media/MAX/cloud/turbo/Data/KDIBA/pin01/one/fet11-04_21-20-3/outputs/loadedSessPickle.pkl
loadedSessPickle.pkl,2023-05-20 00:58:44,/media/MAX/cloud/turbo/Data/KDIBA/pin01/one/fet11-01_12-58-54/outputs/loadedSessPickle.pkl
loadedSessPickle.pkl,2023-05-20 00:58:31,/media/MAX/cloud/turbo/Data/KDIBA/pin01/one/11-09_22-4-5/outputs/loadedSessPickle.pkl
loadedSessPickle.pkl,2023-05-20 00:58:24,/media/MAX/cloud/turbo/Data/KDIBA/pin01/one/11-09_21-17-16/outputs/loadedSessPickle.pkl
loadedSessPickle.pkl,2023-05-20 00:58:09,/media/MAX/cloud/turbo/Data/KDIBA/pin01/one/11-09_11-43-50/outputs/loadedSessPickle.pkl
loadedSessPickle.pkl,2023-05-20 00:58:01,/media/MAX/cloud/turbo/Data/KDIBA/pin01/one/11-05_19-26-43/outputs/loadedSessPickle.pkl
loadedSessPickle.pkl,2023-05-20 00:57:53,/media/MAX/cloud/turbo/Data/KDIBA/pin01/one/11-03_21-26-8/outputs/loadedSessPickle.pkl
loadedSessPickle.pkl,2023-05-20 00:57:44,/media/MAX/cloud/turbo/Data/KDIBA/pin01/one/11-03_12-3-25/outputs/loadedSessPickle.pkl
loadedSessPickle.pkl,2023-05-20 00:57:35,/media/MAX/cloud/turbo/Data/KDIBA/pin01/one/11-02_19-28-0/outputs/loadedSessPickle.pkl
loadedSessPickle.pkl,2023-05-20 00:57:02,/media/MAX/cloud/turbo/Data/KDIBA/vvp01/two/2006-4-26_13-51-50/outputs/loadedSessPickle.pkl
loadedSessPickle.pkl,2023-05-20 00:56:53,/media/MAX/cloud/turbo/Data/KDIBA/vvp01/two/2006-4-25_13-20-55/outputs/loadedSessPickle.pkl
loadedSessPickle.pkl,2023-05-20 00:56:34,/media/MAX/cloud/turbo/Data/KDIBA/vvp01/two/2006-4-21_11-19-2/outputs/loadedSessPickle.pkl
loadedSessPickle.pkl,2023-05-20 00:56:25,/media/MAX/cloud/turbo/Data/KDIBA/vvp01/two/2006-4-19_16-37-40/outputs/loadedSessPickle.pkl
loadedSessPickle.pkl,2023-05-20 00:56:16,/media/MAX/cloud/turbo/Data/KDIBA/vvp01/two/2006-4-19_13-50-7/outputs/loadedSessPickle.pkl
loadedSessPickle.pkl,2023-05-20 00:56:00,/media/MAX/cloud/turbo/Data/KDIBA/vvp01/two/2006-4-17_12-52-15/outputs/loadedSessPickle.pkl
loadedSessPickle.pkl,2023-05-20 00:55:49,/media/MAX/cloud/turbo/Data/KDIBA/vvp01/two/2006-4-16_18-47-52/outputs/loadedSessPickle.pkl
loadedSessPickle.pkl,2023-05-20 00:55:41,/media/MAX/cloud/turbo/Data/KDIBA/vvp01/two/2006-4-16_14-49-24/outputs/loadedSessPickle.pkl
loadedSessPickle.pkl,2023-05-20 00:55:31,/media/MAX/cloud/turbo/Data/KDIBA/vvp01/two/2006-4-12_15-25-59/outputs/loadedSessPickle.pkl
loadedSessPickle.pkl,2023-05-20 00:55:24,/media/MAX/cloud/turbo/Data/KDIBA/vvp01/two/2006-4-11_16-2-46/outputs/loadedSessPickle.pkl
loadedSessPickle.pkl,2023-05-20 00:55:14,/media/MAX/cloud/turbo/Data/KDIBA/vvp01/two/2006-4-11_12-48-38/outputs/loadedSessPickle.pkl
loadedSessPickle.pkl,2023-05-20 00:54:55,/media/MAX/cloud/turbo/Data/KDIBA/vvp01/two/2006-4-10_12-58-3/outputs/loadedSessPickle.pkl
loadedSessPickle.pkl,2023-05-20 00:54:44,/media/MAX/cloud/turbo/Data/KDIBA/vvp01/two/2006-4-09_16-40-54/outputs/loadedSessPickle.pkl
loadedSessPickle.pkl,2023-05-20 00:54:27,/media/MAX/cloud/turbo/Data/KDIBA/vvp01/one/2006-4-27_14-43-12/outputs/loadedSessPickle.pkl
loadedSessPickle.pkl,2023-05-20 00:54:03,/media/MAX/cloud/turbo/Data/KDIBA/vvp01/one/2006-4-19_13-34-40/outputs/loadedSessPickle.pkl
loadedSessPickle.pkl,2023-05-20 00:53:55,/media/MAX/cloud/turbo/Data/KDIBA/vvp01/one/2006-4-18_15-23-32/outputs/loadedSessPickle.pkl
loadedSessPickle.pkl,2023-05-20 00:53:47,/media/MAX/cloud/turbo/Data/KDIBA/vvp01/one/2006-4-18_13-6-1/outputs/loadedSessPickle.pkl
loadedSessPickle.pkl,2023-05-20 00:53:39,/media/MAX/cloud/turbo/Data/KDIBA/vvp01/one/2006-4-17_12-33-47/outputs/loadedSessPickle.pkl
loadedSessPickle.pkl,2023-05-20 00:52:56,/media/MAX/cloud/turbo/Data/KDIBA/vvp01/one/2006-4-09_17-29-30/outputs/loadedSessPickle.pkl
loadedSessPickle.pkl,2023-05-20 00:52:44,/media/MAX/cloud/turbo/Data/KDIBA/gor01/two/2006-6-13_15-22-3/outputs/loadedSessPickle.pkl
loadedSessPickle.pkl,2023-05-20 00:51:31,/media/MAX/cloud/turbo/Data/KDIBA/gor01/two/2006-6-12_16-53-46/outputs/loadedSessPickle.pkl
loadedSessPickle.pkl,2023-05-20 00:51:20,/media/MAX/cloud/turbo/Data/KDIBA/gor01/two/2006-6-09_22-24-40/outputs/loadedSessPickle.pkl
loadedSessPickle.pkl,2023-05-20 00:50:50,/media/MAX/cloud/turbo/Data/KDIBA/gor01/two/2006-6-08_21-16-25/outputs/loadedSessPickle.pkl
loadedSessPickle.pkl,2023-05-20 00:49:04,/media/MAX/cloud/turbo/Data/KDIBA/gor01/two/2006-6-08_15-46-47/outputs/loadedSessPickle.pkl
loadedSessPickle.pkl,2023-05-20 00:48:40,/media/MAX/cloud/turbo/Data/KDIBA/gor01/two/2006-6-07_16-40-19/outputs/loadedSessPickle.pkl
loadedSessPickle.pkl,2023-05-20 00:41:56,/media/MAX/cloud/turbo/Data/KDIBA/gor01/one/2006-6-13_14-42-6/outputs/loadedSessPickle.pkl
loadedSessPickle.pkl,2023-05-20 00:41:44,/media/MAX/cloud/turbo/Data/KDIBA/gor01/one/2006-6-12_15-55-31/outputs/loadedSessPickle.pkl
loadedSessPickle.pkl,2023-05-20 00:41:31,/media/MAX/cloud/turbo/Data/KDIBA/gor01/one/2006-6-09_3-23-37/outputs/loadedSessPickle.pkl
loadedSessPickle.pkl,2023-05-20 00:41:21,/media/MAX/cloud/turbo/Data/KDIBA/gor01/one/2006-6-09_1-22-43/outputs/loadedSessPickle.pkl
loadedSessPickle.pkl,2023-05-20 00:40:30,/media/MAX/cloud/turbo/Data/KDIBA/gor01/one/2006-6-07_11-26-53/outputs/loadedSessPickle.pkl
